NAME,GALLONS
Albania,4491
Armenia,1321
Austria,61975
Azerbaijan,1321
Belarus,3302
Belgium,53
Bosnia Herzegovina,1321
Bulgaria,52834
Croatia,31701
Czech Republic,15850
Estonia,264
France,1241609
Georgia,23775
Germany,245152
Greece,92460
Hungary,89818
Italy,1228400
Latvia,1611
Lithuania,1849
Luxembourg,3434
Macedonia,23775
Malta,1057
Moldova,105035
Portugal,158503
Romania,147936
Russia,158503
Slovakia,9642
Slovenia,21926
Spain,1003854
Switzerland,29059
Turkey,3698
Ukraine,5548
United Kingdom,581
